id,filename,age
1,UTK/28_0_3_20170119194510875.jpg,28
2,UTK/1_1_2_20161219162419463.jpg,1
3,UTK/53_0_0_20170120223145428.jpg,53
4,UTK/24_1_1_20170112204601475.jpg,24
5,UTK/34_1_3_20170119200852458.jpg,34
6,UTK/40_0_0_20170117182122332.jpg,40
7,UTK/28_1_0_20170105165058893.jpg,28
8,UTK/58_0_3_20170119211646161.jpg,58
9,UTK/48_0_0_20170117003352809.jpg,48
10,UTK/50_0_0_20170117174607390.jpg,50
11,UTK/35_0_1_20170113141713475.jpg,35
12,UTK/1_1_2_20161219220411361.jpg,1
13,UTK/2_0_2_20161219162357438.jpg,2
14,UTK/18_0_3_20170117135605224.jpg,18
15,UTK/25_0_0_20170116212019911.jpg,25
16,UTK/30_0_1_20170117130022204.jpg,30
17,UTK/52_1_0_20170109221143312.jpg,52
18,UTK/24_1_1_20170116164334832.jpg,24
19,UTK/26_1_0_20170117003146021.jpg,26
20,UTK/1_1_4_20170117192625477.jpg,1
21,UTK/3_1_3_20161219224605961.jpg,3
22,UTK/66_1_0_20170117091537933.jpg,66
23,UTK/32_0_0_20170120220858579.jpg,32
24,UTK/26_1_1_20170116223404554.jpg,26
25,UTK/37_1_0_20170103163508220.jpg,37
26,UTK/32_1_3_20170119200442740.jpg,32
27,UTK/32_0_3_20170119200350788.jpg,32
28,UTK/8_1_0_20170109202734214.jpg,8
29,UTK/28_0_3_20170119194434459.jpg,28
30,UTK/53_0_1_20170104212358428.jpg,53
31,UTK/37_0_3_20170119193226433.jpg,37
32,UTK/26_1_3_20170119192426755.jpg,26
33,UTK/28_0_0_20170113210605140.jpg,28
34,UTK/35_1_0_20170109141753176.jpg,35
35,UTK/2_0_3_20161220221558178.jpg,2
36,UTK/26_0_0_20170117120944631.jpg,26
37,UTK/28_0_0_20170117144444595.jpg,28
38,UTK/23_1_1_20170112204431018.jpg,23
39,UTK/38_0_0_20170109012846030.jpg,38
40,UTK/24_1_3_20170119171108432.jpg,24
41,UTK/55_0_0_20170120223727206.jpg,55
42,UTK/36_1_0_20170104201720018.jpg,36
43,UTK/52_1_0_20170105184031767.jpg,52
44,UTK/21_1_0_20170116214441148.jpg,21
45,UTK/8_1_0_20170109204534346.jpg,8
46,UTK/30_1_4_20170103225917841.jpg,30
47,UTK/56_1_3_20170109142113189.jpg,56
48,UTK/28_1_3_20170116162504864.jpg,28
49,UTK/68_0_0_20170111204848471.jpg,68
50,UTK/35_0_3_20170117190400401.jpg,35
51,UTK/34_0_1_20170117204703255.jpg,34
52,UTK/5_0_2_20161219192232922.jpg,5
53,UTK/14_0_0_20170103201123159.jpg,14
54,UTK/67_1_2_20161219194437956.jpg,67
55,UTK/24_1_2_20170116174405212.jpg,24
56,UTK/26_1_1_20170116231530890.jpg,26
57,UTK/21_1_2_20170103180145808.jpg,21
58,UTK/32_0_0_20170104203059659.jpg,32
59,UTK/40_0_0_20170104184142437.jpg,40
60,UTK/32_0_1_20170113152839433.jpg,32
61,UTK/55_0_3_20170119205307824.jpg,55
62,UTK/35_1_1_20170116165647705.jpg,35
63,UTK/26_1_0_20170117174358903.jpg,26
64,UTK/45_0_1_20170113190638200.jpg,45
65,UTK/29_1_1_20170116021333343.jpg,29
66,UTK/78_0_0_20170111222529376.jpg,78
67,UTK/19_1_2_20170104015921814.jpg,19
68,UTK/1_1_0_20170109194032969.jpg,1
69,UTK/2_1_2_20161219211625838.jpg,2
70,UTK/28_0_3_20170119194935202.jpg,28
71,UTK/55_0_0_20170117190614219.jpg,55
72,UTK/26_1_3_20170116233146621.jpg,26
73,UTK/29_0_0_20170104170538793.jpg,29
74,UTK/24_0_3_20170119165927582.jpg,24
75,UTK/24_1_0_20170117150853517.jpg,24
76,UTK/32_0_4_20170104181254053.jpg,32
77,UTK/24_0_0_20170119152257171.jpg,24
78,UTK/67_0_0_20170117204838537.jpg,67
79,UTK/52_0_0_20170120222918436.jpg,52
80,UTK/32_0_1_20170113183140758.jpg,32
81,UTK/39_1_0_20170105164709185.jpg,39
82,UTK/36_1_1_20170109141849605.jpg,36
83,UTK/41_0_0_20170117185808930.jpg,41
84,UTK/39_0_0_20170104204624075.jpg,39
85,UTK/23_0_2_20170114024549242.jpg,23
86,UTK/25_0_3_20170119144812749.jpg,25
87,UTK/25_1_0_20170117145120563.jpg,25
88,UTK/2_1_2_20161219142414913.jpg,2
89,UTK/1_0_3_20161220144429119.jpg,1
90,UTK/53_1_0_20170108224819091.jpg,53
91,UTK/53_1_0_20170109220736654.jpg,53
92,UTK/67_0_1_20170117143308243.jpg,67
93,UTK/38_0_1_20170113183109470.jpg,38
94,UTK/8_1_0_20170109202859958.jpg,8
95,UTK/26_0_2_20170116165230359.jpg,26
96,UTK/35_0_0_20170119200935316.jpg,35
97,UTK/39_0_0_20170117131210937.jpg,39
98,UTK/58_1_3_20170109140246682.jpg,58
99,UTK/22_1_0_20170113182819149.jpg,22
100,UTK/34_1_3_20170119165307574.jpg,34
101,UTK/53_0_0_20170120222602009.jpg,53
102,UTK/19_1_0_20170103201503695.jpg,19
103,UTK/26_1_0_20170103235707476.jpg,26
104,UTK/25_1_2_20170104015838780.jpg,25
105,UTK/5_1_2_20161219142641921.jpg,5
106,UTK/4_1_1_20170109194638149.jpg,4
107,UTK/13_0_0_20170103201032542.jpg,13
108,UTK/40_1_0_20170117091853557.jpg,40
109,UTK/26_0_1_20170116205013743.jpg,26
110,UTK/25_0_3_20170117134150022.jpg,25
111,UTK/80_0_2_20170112220346479.jpg,80
112,UTK/26_0_1_20170117194404976.jpg,26
113,UTK/31_1_0_20170117133119014.jpg,31
114,UTK/34_0_1_20170117165134738.jpg,34
115,UTK/39_0_4_20170104200746817.jpg,39
116,UTK/65_0_0_20170104185810566.jpg,65
117,UTK/35_0_1_20170116010938697.jpg,35
118,UTK/39_0_1_20170117165631399.jpg,39
119,UTK/82_0_2_20170111210612356.jpg,81
120,UTK/21_0_0_20170114025137038.jpg,21
121,UTK/10_0_1_20170110223455893.jpg,10
122,UTK/1_0_0_20161219154724341.jpg,1
123,UTK/25_1_3_20170109132228225.jpg,25
124,UTK/21_0_4_20161223214826657.jpg,21
125,UTK/23_1_1_20170117194137453.jpg,23
126,UTK/35_0_0_20170104201742041.jpg,35
127,UTK/15_0_3_20170104225537649.jpg,15
128,UTK/54_0_1_20170120222533712.jpg,54
129,UTK/23_1_2_20170104020053452.jpg,23
130,UTK/61_0_3_20170117174814245.jpg,61
131,UTK/14_1_0_20170109204846649.jpg,14
132,UTK/33_1_0_20170103182622241.jpg,33
133,UTK/27_1_1_20170117014022812.jpg,27
134,UTK/25_1_0_20170116211917463.jpg,25
135,UTK/22_1_2_20170116162938834.jpg,22
136,UTK/4_1_2_20170109191204629.jpg,4
137,UTK/34_0_3_20170119200717205.jpg,34
138,UTK/22_1_1_20170113193237676.jpg,22
139,UTK/54_1_1_20170117171656445.jpg,54
140,UTK/1_1_1_20170109194611993.jpg,1
141,UTK/1_1_4_20170103212116187.jpg,1
142,UTK/25_0_0_20170116222920399.jpg,25
143,UTK/65_0_3_20170119205222598.jpg,65
144,UTK/26_1_1_20170112230519613.jpg,26
145,UTK/72_0_2_20170112205400276.jpg,72
146,UTK/6_1_3_20170104222751249.jpg,6
147,UTK/25_1_1_20170116003155558.jpg,25
148,UTK/25_0_0_20170117142944082.jpg,25
149,UTK/24_1_2_20170116174415218.jpg,24
150,UTK/29_0_1_20170117012800357.jpg,29
151,UTK/34_0_1_20170116194219198.jpg,34
152,UTK/34_0_0_20170117121730983.jpg,34
153,UTK/23_0_0_20170117144620972.jpg,23
154,UTK/24_0_2_20170116165033311.jpg,24
155,UTK/26_0_0_20170113181817014.jpg,26
156,UTK/54_1_0_20170117191238426.jpg,54
157,UTK/52_0_1_20170113174550147.jpg,52
158,UTK/35_0_3_20170119201338805.jpg,35
159,UTK/51_0_1_20170111200729699.jpg,51
160,UTK/24_1_0_20170116222936821.jpg,24
161,UTK/26_0_1_20170117003149461.jpg,26
162,UTK/58_0_1_20170117204657521.jpg,58
163,UTK/56_1_0_20170113001501874.jpg,56
164,UTK/1_1_3_20161220145300279.jpg,1
165,UTK/28_1_1_20170116024015361.jpg,28
166,UTK/34_1_3_20170119200614779.jpg,34
167,UTK/60_1_0_20170117163645241.jpg,60
168,UTK/31_1_1_20170115234845837.jpg,31
169,UTK/29_1_2_20170105164315483.jpg,29
170,UTK/73_1_1_20170120230417585.jpg,73
171,UTK/60_0_3_20170117155910858.jpg,60
172,UTK/35_1_0_20170117091849716.jpg,35
173,UTK/9_0_0_20170110215653284.jpg,9
174,UTK/54_0_3_20170119210117464.jpg,54
175,UTK/26_1_2_20170116184146454.jpg,26
176,UTK/42_0_3_20170117175439914.jpg,42
177,UTK/22_1_2_20161219192416602.jpg,22
178,UTK/26_0_0_20170116212048433.jpg,26
179,UTK/26_0_3_20170119184204318.jpg,26
180,UTK/30_0_2_20170119183959989.jpg,30
181,UTK/31_1_0_20170116232936514.jpg,31
182,UTK/24_0_1_20170113150729383.jpg,24
183,UTK/17_1_4_20170103201513799.jpg,17
184,UTK/26_0_1_20170117020645902.jpg,26
185,UTK/35_0_1_20170117143112391.jpg,35
186,UTK/35_1_0_20170116201540728.jpg,35
187,UTK/47_1_4_20170104181336102.jpg,47
188,UTK/2_1_4_20161221195838329.jpg,2
189,UTK/26_1_0_20170105163517523.jpg,26
190,UTK/56_1_3_20170104235453123.jpg,56
191,UTK/26_0_3_20170104215431446.jpg,26
192,UTK/30_1_0_20170117092814966.jpg,30
193,UTK/30_0_0_20170117143502368.jpg,30
194,UTK/27_1_0_20170117144358667.jpg,27
195,UTK/65_1_3_20170119201536077.jpg,65
196,UTK/36_1_3_20170119202144381.jpg,36
197,UTK/57_1_0_20170120221057091.jpg,57
198,UTK/14_1_0_20170119150832998.jpg,14
199,UTK/40_0_3_20170119192039721.jpg,40
200,UTK/3_1_2_20161219140828120.jpg,3
201,UTK/50_0_2_20170116191148275.jpg,50
202,UTK/65_0_3_20170117190407347.jpg,65
203,UTK/4_0_2_20161219201254277.jpg,4
204,UTK/42_0_0_20170113184108638.jpg,42
205,UTK/39_1_0_20170111182452865.jpg,39
206,UTK/38_1_1_20170117203718759.jpg,38
207,UTK/55_0_1_20170104185028367.jpg,55
208,UTK/29_0_4_20170117180914972.jpg,29
209,UTK/2_0_0_20170110212644094.jpg,2
210,UTK/57_0_2_20170105173521150.jpg,57
211,UTK/54_0_0_20170117171151227.jpg,54
212,UTK/32_0_1_20170116194843970.jpg,32
213,UTK/47_1_0_20170110123140034.jpg,47
214,UTK/60_0_3_20170119204312254.jpg,60
215,UTK/16_1_2_20170109214153823.jpg,16
216,UTK/30_1_0_20170117141413713.jpg,30
217,UTK/54_0_3_20170119210214520.jpg,54
218,UTK/41_0_0_20170117171015249.jpg,41
219,UTK/26_0_0_20170113210127395.jpg,26
220,UTK/89_1_3_20170109150838156.jpg,81
221,UTK/45_0_2_20170117183529862.jpg,45
222,UTK/16_1_0_20170109214419099.jpg,16
223,UTK/23_1_2_20170116172843453.jpg,23
224,UTK/1_0_2_20161219194859803.jpg,1
225,UTK/10_1_0_20170109202346880.jpg,10
226,UTK/44_1_3_20170119165329470.jpg,44
227,UTK/31_0_0_20170104204310315.jpg,31
228,UTK/1_0_2_20161219202914180.jpg,1
229,UTK/60_0_2_20170116182801456.jpg,60
230,UTK/4_1_0_20170109194222722.jpg,4
231,UTK/50_1_1_20170113001907523.jpg,50
232,UTK/7_1_0_20170109201632806.jpg,7
233,UTK/24_1_4_20170103223954911.jpg,24
234,UTK/28_1_4_20170117202541845.jpg,28
235,UTK/25_0_0_20170119171125583.jpg,25
236,UTK/33_1_0_20170103182231977.jpg,33
237,UTK/16_1_1_20170114025506835.jpg,16
238,UTK/35_1_4_20170117203540087.jpg,35
239,UTK/63_0_0_20170104212616357.jpg,63
240,UTK/38_1_0_20170117154129371.jpg,38
241,UTK/31_1_3_20170119200200605.jpg,31
242,UTK/26_1_4_20170117201457622.jpg,26
243,UTK/77_0_0_20170113210319811.jpg,77
244,UTK/56_0_0_20170109012703197.jpg,56
245,UTK/26_1_1_20170112211652677.jpg,26
246,UTK/51_0_3_20170119200305083.jpg,51
247,UTK/26_0_3_20170119181428332.jpg,26
248,UTK/61_0_2_20170112224233965.jpg,61
249,UTK/26_0_0_20170117171705044.jpg,26
250,UTK/16_0_0_20170110231726179.jpg,16
251,UTK/30_0_3_20170119164115989.jpg,30
252,UTK/2_1_4_20161221200336416.jpg,2
253,UTK/30_1_0_20170117140336640.jpg,30
254,UTK/26_0_0_20170114034218562.jpg,26
255,UTK/20_1_0_20170119153410801.jpg,20
256,UTK/24_1_3_20170104234822506.jpg,24
257,UTK/22_0_3_20170119160301570.jpg,22
258,UTK/55_0_3_20170119181409916.jpg,55
259,UTK/8_1_3_20170104222431175.jpg,8
260,UTK/40_0_0_20170117135450087.jpg,40
261,UTK/26_1_0_20170117003226902.jpg,26
262,UTK/48_0_2_20170104212013870.jpg,48
263,UTK/22_1_0_20170116214314602.jpg,22
264,UTK/29_0_3_20170119195116490.jpg,29
265,UTK/99_0_0_20170117195137161.jpg,81
266,UTK/30_0_0_20170119180139147.jpg,30
267,UTK/28_1_0_20170117180702119.jpg,28
268,UTK/25_0_3_20170119171615136.jpg,25
269,UTK/26_1_3_20170104232120449.jpg,26
270,UTK/60_0_2_20170117171420930.jpg,60
271,UTK/1_0_2_20161219211244365.jpg,1
272,UTK/7_1_0_20170109193930338.jpg,7
273,UTK/29_1_0_20170113000811442.jpg,29
274,UTK/28_1_0_20170117193022560.jpg,28
275,UTK/24_1_4_20170103224910931.jpg,24
276,UTK/42_0_3_20170117154750955.jpg,42
277,UTK/23_1_2_20170116173214311.jpg,23
278,UTK/24_1_2_20170116165051346.jpg,24
279,UTK/49_0_4_20170104205507484.jpg,49
280,UTK/3_1_3_20161220220632050.jpg,3
281,UTK/70_1_1_20170113000433314.jpg,70
282,UTK/69_1_0_20170110151454373.jpg,69
283,UTK/30_0_2_20170116170814123.jpg,30
284,UTK/105_1_1_20170112213303693.jpg,81
285,UTK/32_0_0_20170116224633761.jpg,32
286,UTK/1_0_4_20161221202008129.jpg,1
287,UTK/30_1_3_20170119163739022.jpg,30
288,UTK/50_1_3_20170104235532885.jpg,50
289,UTK/37_0_3_20170119180031371.jpg,37
290,UTK/70_1_3_20170109134219121.jpg,70
291,UTK/28_1_0_20170104021158812.jpg,28
292,UTK/35_1_3_20170119201519805.jpg,35
293,UTK/24_1_2_20170104020359556.jpg,24
294,UTK/53_0_0_20170117161110830.jpg,53
295,UTK/15_0_2_20170102235056163.jpg,15
296,UTK/57_0_1_20170113184855343.jpg,57
297,UTK/32_0_0_20170117120858247.jpg,32
298,UTK/6_1_3_20161220222556995.jpg,6
299,UTK/65_0_0_20170111210257547.jpg,65
300,UTK/1_0_0_20170110213748813.jpg,1
301,UTK/50_1_0_20170117160741470.jpg,50
302,UTK/36_1_3_20170119191859753.jpg,36
303,UTK/31_0_1_20170113141650230.jpg,31
304,UTK/50_0_2_20170116192850841.jpg,50
305,UTK/2_1_0_20161219190909739.jpg,2
306,UTK/50_0_0_20170104211706898.jpg,50
307,UTK/23_1_3_20170104222248295.jpg,23
308,UTK/8_1_2_20170109204518758.jpg,8
309,UTK/34_0_1_20170113182409981.jpg,34
310,UTK/21_1_2_20170116170754019.jpg,21
311,UTK/25_0_3_20170117140644345.jpg,25
312,UTK/1_1_0_20161219202919508.jpg,1
313,UTK/30_0_0_20170119145340944.jpg,30
314,UTK/20_0_1_20170113175209394.jpg,20
315,UTK/26_0_3_20170117153621606.jpg,26
316,UTK/50_1_0_20170109012542626.jpg,50
317,UTK/25_1_0_20170116223120888.jpg,25
318,UTK/30_1_1_20170117125901915.jpg,30
319,UTK/49_1_1_20170112235151889.jpg,49
320,UTK/74_0_0_20170116232642012.jpg,74
321,UTK/20_1_1_20170114025540321.jpg,20
322,UTK/26_0_0_20170120134036223.jpg,26
323,UTK/42_0_4_20170117185614642.jpg,42
324,UTK/1_1_4_20170103213044557.jpg,1
325,UTK/7_1_4_20161224001014334.jpg,7
326,UTK/3_1_0_20170110213238474.jpg,3
327,UTK/28_1_2_20170116165616595.jpg,28
328,UTK/30_0_1_20170113134217498.jpg,30
329,UTK/24_0_0_20170111181750330.jpg,24
330,UTK/85_1_1_20170110182031363.jpg,81
331,UTK/29_0_2_20170116163503418.jpg,29
332,UTK/55_0_1_20170117165048545.jpg,55
333,UTK/23_1_3_20170119164557957.jpg,23
334,UTK/65_0_2_20170119205814303.jpg,65
335,UTK/49_0_0_20170104184256957.jpg,49
336,UTK/45_0_2_20170112215145176.jpg,45
337,UTK/82_0_4_20170117190644623.jpg,81
338,UTK/5_1_0_20170109193659649.jpg,5
339,UTK/65_0_0_20170117162901325.jpg,65
340,UTK/45_0_0_20170116233233803.jpg,45
341,UTK/25_1_2_20170116165435737.jpg,25
342,UTK/32_1_1_20170116175409630.jpg,32
343,UTK/26_0_3_20170104230250721.jpg,26
344,UTK/24_0_1_20170113134042697.jpg,24
345,UTK/29_0_3_20170104220737116.jpg,29
346,UTK/40_0_0_20170117131221514.jpg,40
347,UTK/3_1_0_20170110213304238.jpg,3
348,UTK/20_1_4_20170103223121735.jpg,20
349,UTK/34_1_1_20170112213659687.jpg,34
350,UTK/37_0_3_20170119202228541.jpg,37
351,UTK/35_0_1_20170117172831584.jpg,35
352,UTK/52_0_1_20170113141833692.jpg,52
353,UTK/30_1_1_20170116214456649.jpg,30
354,UTK/58_0_0_20170117194037923.jpg,58
355,UTK/12_0_0_20170117141849040.jpg,12
356,UTK/3_1_2_20161219141805465.jpg,3
357,UTK/26_1_1_20170113000647442.jpg,26
358,UTK/32_0_2_20170116190200837.jpg,32
359,UTK/35_1_0_20170117145000436.jpg,35
360,UTK/26_1_1_20170116233044289.jpg,26
361,UTK/82_0_0_20170111205943203.jpg,81
362,UTK/35_1_0_20170103182348593.jpg,35
363,UTK/1_1_2_20161219211944925.jpg,1
364,UTK/66_0_1_20170111195703017.jpg,66
365,UTK/50_0_3_20170119204521040.jpg,50
366,UTK/35_1_0_20170117144938562.jpg,35
367,UTK/2_0_2_20161219195037083.jpg,2
368,UTK/30_1_0_20170104165043953.jpg,30
369,UTK/35_0_0_20170119200919084.jpg,35
370,UTK/40_1_1_20170113001043722.jpg,40
371,UTK/70_0_0_20170117175207508.jpg,70
372,UTK/41_0_3_20170119171546296.jpg,41
373,UTK/85_0_1_20170117194436106.jpg,81
374,UTK/38_1_0_20170103183311778.jpg,38
375,UTK/2_0_0_20170110211504184.jpg,2
376,UTK/5_1_2_20161219195118916.jpg,5
377,UTK/27_1_2_20170116171014589.jpg,27
378,UTK/47_0_1_20170114034328343.jpg,47
379,UTK/29_1_0_20170116173132299.jpg,29
380,UTK/21_1_0_20170116215708125.jpg,21
381,UTK/49_0_1_20170113142200613.jpg,49
382,UTK/26_1_0_20170103181901521.jpg,26
383,UTK/16_1_3_20170104223040239.jpg,16
384,UTK/8_1_4_20170109202334991.jpg,8
385,UTK/38_0_2_20170104205949499.jpg,38
386,UTK/26_0_3_20170119180341844.jpg,26
387,UTK/47_0_0_20170119145412957.jpg,47
388,UTK/34_0_3_20170119165802654.jpg,34
389,UTK/22_0_1_20170113150441654.jpg,22
390,UTK/26_0_0_20170116205259187.jpg,26
391,UTK/75_0_2_20170112223856420.jpg,75
392,UTK/56_0_1_20170113185159368.jpg,56
393,UTK/63_1_0_20170109221021608.jpg,63
394,UTK/28_0_4_20170117020639219.jpg,28
395,UTK/3_1_2_20161219211558470.jpg,3
396,UTK/26_1_1_20170103181834825.jpg,26
397,UTK/30_0_2_20170104021209963.jpg,30
398,UTK/7_1_2_20161219160327198.jpg,7
399,UTK/67_1_0_20170120223746014.jpg,67
400,UTK/36_1_0_20170103182343482.jpg,36
401,UTK/31_0_3_20170119211535833.jpg,31
402,UTK/28_0_3_20170119194725939.jpg,28
403,UTK/36_0_0_20170105172557165.jpg,36
404,UTK/25_1_1_20170112193002220.jpg,25
405,UTK/30_0_3_20170117144301762.jpg,30
406,UTK/31_1_3_20170104220156327.jpg,31
407,UTK/54_0_0_20170117191419939.jpg,54
408,UTK/61_0_2_20170112205237140.jpg,61
409,UTK/26_1_1_20170116021804434.jpg,26
410,UTK/32_0_2_20170116162046640.jpg,32
411,UTK/24_0_4_20170117145619730.jpg,24
412,UTK/84_1_0_20170120222457967.jpg,81
413,UTK/78_0_0_20170111222257902.jpg,78
414,UTK/13_0_0_20170110225307195.jpg,13
415,UTK/56_0_0_20170120223014338.jpg,56
416,UTK/28_1_3_20170119204738880.jpg,28
417,UTK/86_1_0_20170110153717173.jpg,81
418,UTK/37_0_0_20170119202220220.jpg,37
419,UTK/10_1_2_20170109201545634.jpg,10
420,UTK/26_1_1_20170113011621775.jpg,26
421,UTK/37_0_2_20170116192031601.jpg,37
422,UTK/35_0_3_20170119201343148.jpg,35
423,UTK/35_1_3_20170104220136126.jpg,35
424,UTK/26_1_1_20170113011757664.jpg,26
425,UTK/10_1_0_20170109204435809.jpg,10
426,UTK/26_1_2_20170116184309896.jpg,26
427,UTK/84_1_0_20170110175644800.jpg,81
428,UTK/37_0_0_20170119202224141.jpg,37
429,UTK/45_0_0_20170119204119581.jpg,45
430,UTK/25_1_3_20170119172028785.jpg,25
431,UTK/53_0_3_20170119201406708.jpg,53
432,UTK/60_1_0_20170110154617064.jpg,60
433,UTK/22_1_3_20170109131950179.jpg,22
434,UTK/27_0_0_20170117010719987.jpg,27
435,UTK/24_1_2_20170116165537446.jpg,24
436,UTK/29_1_1_20170103183648691.jpg,29
437,UTK/82_0_0_20170111210217828.jpg,81
438,UTK/37_0_0_20170104202623003.jpg,37
439,UTK/50_1_0_20170117191742980.jpg,50
440,UTK/70_1_1_20170110153248874.jpg,70
441,UTK/31_1_1_20170113001544326.jpg,31
442,UTK/60_1_0_20170110153047755.jpg,60
443,UTK/30_1_3_20170117191057107.jpg,30
444,UTK/51_0_1_20170117173507025.jpg,51
445,UTK/85_1_0_20170110181956588.jpg,81
446,UTK/37_0_1_20170117191953052.jpg,37
447,UTK/17_1_0_20170109214048004.jpg,17
448,UTK/16_0_3_20170110232812662.jpg,16
449,UTK/35_0_1_20170117130110004.jpg,35
450,UTK/2_1_2_20161219151919100.jpg,2
451,UTK/1_0_2_20161219161618142.jpg,1
452,UTK/34_0_0_20170117152424716.jpg,34
453,UTK/3_1_0_20161219225130536.jpg,3
454,UTK/41_1_0_20170111182452877.jpg,41
455,UTK/63_0_2_20170112224418403.jpg,63
456,UTK/19_1_0_20170109193136416.jpg,19
457,UTK/23_0_0_20170117144642723.jpg,23
458,UTK/28_1_0_20170116221850018.jpg,28
459,UTK/61_1_0_20170117001346239.jpg,61
460,UTK/22_0_3_20170119150653870.jpg,22
461,UTK/14_0_0_20170110232544606.jpg,14
462,UTK/69_0_3_20170112224615052.jpg,69
463,UTK/1_0_3_20161219224546584.jpg,1
464,UTK/20_1_0_20170117141223953.jpg,20
465,UTK/35_0_1_20170116235848610.jpg,35
466,UTK/52_0_1_20170120222921386.jpg,52
467,UTK/18_1_1_20170114030424059.jpg,18
468,UTK/26_1_3_20170119193128490.jpg,26
469,UTK/36_1_1_20170113011647678.jpg,36
470,UTK/29_0_1_20170113154817089.jpg,29
471,UTK/4_0_0_20170110205349508.jpg,4
472,UTK/29_0_0_20170117120546242.jpg,29
473,UTK/43_0_0_20170117185909851.jpg,43
474,UTK/26_0_0_20170117172603774.jpg,26
475,UTK/48_0_3_20170119205356352.jpg,48
476,UTK/37_0_0_20170117183419508.jpg,37
477,UTK/1_0_3_20161219230749432.jpg,1
478,UTK/16_1_1_20170114025520014.jpg,16
479,UTK/16_1_0_20170109214333355.jpg,16
480,UTK/51_0_0_20170117172522285.jpg,51
481,UTK/43_0_0_20170119204527446.jpg,43
482,UTK/75_0_0_20170111205232856.jpg,75
483,UTK/55_0_3_20170119205515441.jpg,55
484,UTK/1_1_3_20161220143404575.jpg,1
485,UTK/29_0_1_20170116002932698.jpg,29
486,UTK/90_1_0_20170120221911645.jpg,81
487,UTK/35_1_0_20170103181546899.jpg,35
488,UTK/78_0_0_20170111221952212.jpg,78
489,UTK/20_0_1_20170113132727849.jpg,20
490,UTK/24_1_0_20170104021019292.jpg,24
491,UTK/31_0_0_20170117133142224.jpg,31
492,UTK/60_0_0_20170117153701292.jpg,60
493,UTK/40_0_2_20170116191415693.jpg,40
494,UTK/24_1_0_20170117150524692.jpg,24
495,UTK/32_0_1_20170113141942205.jpg,32
496,UTK/58_0_0_20170117191901524.jpg,58
497,UTK/39_0_0_20170113183735128.jpg,39
498,UTK/35_0_1_20170113190521337.jpg,35
499,UTK/30_0_0_20170117171825818.jpg,30
500,UTK/1_0_2_20161219161822166.jpg,1
501,UTK/30_0_1_20170113133323665.jpg,30
502,UTK/26_1_0_20170117152955925.jpg,26
503,UTK/25_1_4_20170103182320042.jpg,25
504,UTK/52_0_0_20170105173214101.jpg,52
505,UTK/45_1_0_20170104185042110.jpg,45
506,UTK/21_0_2_20170112192931470.jpg,21
507,UTK/28_0_1_20170116143149179.jpg,28
508,UTK/49_1_0_20170109220611995.jpg,49
509,UTK/29_0_4_20170103234728788.jpg,29
510,UTK/19_0_0_20170116220704294.jpg,19
511,UTK/82_0_0_20170111224022146.jpg,81
512,UTK/35_0_2_20170116191223232.jpg,35
513,UTK/30_0_1_20170117130008683.jpg,30
514,UTK/37_0_1_20170116193848620.jpg,37
515,UTK/47_0_3_20170117140021091.jpg,47
516,UTK/32_0_0_20170116235740282.jpg,32
517,UTK/27_0_1_20170114031440930.jpg,27
518,UTK/26_1_2_20170116182242873.jpg,26
519,UTK/90_0_0_20170111210545876.jpg,81
520,UTK/21_1_1_20170113005736069.jpg,21
521,UTK/21_1_2_20170104021056028.jpg,21
522,UTK/55_0_3_20170119204600605.jpg,55
523,UTK/14_0_2_20170110232701995.jpg,14
524,UTK/55_0_0_20170117185028745.jpg,55
525,UTK/28_1_2_20170116171710952.jpg,28
526,UTK/20_1_0_20170103175634288.jpg,20
527,UTK/2_1_2_20161219222430327.jpg,2
528,UTK/1_1_3_20161220145435951.jpg,1
529,UTK/30_1_2_20170116191236376.jpg,30
530,UTK/45_0_0_20170105184113903.jpg,45
531,UTK/35_1_1_20170117154114285.jpg,35
532,UTK/3_1_4_20161221202450265.jpg,3
533,UTK/7_1_0_20170109202403368.jpg,7
534,UTK/42_1_0_20170117154916559.jpg,42
535,UTK/54_0_3_20170119210123256.jpg,54
536,UTK/18_1_0_20170109214512153.jpg,18
537,UTK/2_1_2_20161219222445647.jpg,2
538,UTK/1_0_2_20161219212444782.jpg,1
539,UTK/35_0_1_20170116003600500.jpg,35
540,UTK/76_0_1_20170116205605555.jpg,76
541,UTK/53_1_0_20170110143534851.jpg,53
542,UTK/1_0_0_20170110212555368.jpg,1
543,UTK/37_0_0_20170105183948391.jpg,37
544,UTK/67_1_0_20170110120952264.jpg,67
545,UTK/2_0_0_20170110213349752.jpg,2
546,UTK/5_1_2_20161219203429011.jpg,5
547,UTK/28_1_1_20170112222231219.jpg,28
548,UTK/28_0_1_20170113174923924.jpg,28
549,UTK/23_1_3_20170104223058543.jpg,23
550,UTK/26_0_3_20170105175308269.jpg,26
551,UTK/37_0_1_20170117164034574.jpg,37
552,UTK/50_0_3_20170119204714191.jpg,50
553,UTK/46_0_2_20170116173625939.jpg,46
554,UTK/56_0_2_20170112215424904.jpg,56
555,UTK/55_0_0_20170117155144918.jpg,55
556,UTK/40_0_0_20170117154553185.jpg,40
557,UTK/18_1_0_20170117135753337.jpg,18
558,UTK/31_1_0_20170104234835075.jpg,31
559,UTK/29_0_0_20170117180851443.jpg,29
560,UTK/35_1_4_20170117203429672.jpg,35
561,UTK/30_0_2_20170116173645203.jpg,30
562,UTK/34_0_1_20170113135659457.jpg,34
563,UTK/24_0_0_20170116201407910.jpg,24
564,UTK/36_1_1_20170117141102516.jpg,36
565,UTK/8_1_3_20161220222610115.jpg,8
566,UTK/31_1_0_20170117133158992.jpg,31
567,UTK/4_1_4_20170103210522819.jpg,4
568,UTK/2_0_2_20161219203844252.jpg,2
569,UTK/60_0_0_20170112224151627.jpg,60
570,UTK/36_0_0_20170113174401250.jpg,36
571,UTK/3_1_0_20161219230026848.jpg,3
572,UTK/71_0_0_20170111222535839.jpg,71
573,UTK/85_0_0_20170117175305485.jpg,81
574,UTK/29_1_1_20170113000843651.jpg,29
575,UTK/26_1_3_20170117173846653.jpg,26
576,UTK/53_1_0_20170120223207284.jpg,53
577,UTK/22_0_1_20170117020724763.jpg,22
578,UTK/52_0_0_20170113184840654.jpg,52
579,UTK/1_0_2_20161219212557190.jpg,1
580,UTK/9_0_1_20170110215449668.jpg,9
581,UTK/34_0_3_20170119200731972.jpg,34
582,UTK/4_1_4_20161221193349166.jpg,4
583,UTK/38_0_3_20170119202715190.jpg,38
584,UTK/50_0_2_20170112220437210.jpg,50
585,UTK/30_0_0_20170117181302740.jpg,30
586,UTK/3_0_4_20170103210604324.jpg,3
587,UTK/2_0_2_20161219141647272.jpg,2
588,UTK/68_0_0_20170117171408597.jpg,68
589,UTK/65_0_0_20170104213544876.jpg,65
590,UTK/39_1_1_20170112235549319.jpg,39
591,UTK/69_1_0_20170110141155497.jpg,69
592,UTK/26_1_1_20170116234800903.jpg,26
593,UTK/26_1_1_20170116232352844.jpg,26
594,UTK/20_0_4_20170117193424333.jpg,20
595,UTK/24_1_1_20170116153804572.jpg,24
596,UTK/32_0_3_20170119200320269.jpg,32
597,UTK/28_0_1_20170117165836339.jpg,28
598,UTK/7_0_0_20170110215335739.jpg,7
599,UTK/15_1_0_20170109214447621.jpg,15
600,UTK/35_0_0_20170117134941492.jpg,35
601,UTK/75_0_3_20170112224003785.jpg,75
602,UTK/32_0_4_20170104005921031.jpg,32
603,UTK/1_0_3_20161219225846512.jpg,1
604,UTK/78_1_1_20170113011906240.jpg,78
605,UTK/48_1_0_20170109142203204.jpg,48
606,UTK/25_0_0_20170104004153743.jpg,25
607,UTK/32_1_3_20170104232404770.jpg,32
608,UTK/28_1_2_20170116162955090.jpg,28
609,UTK/44_0_0_20170109002148152.jpg,44
610,UTK/27_1_3_20170117175954467.jpg,27
611,UTK/29_1_0_20170117130620465.jpg,29
612,UTK/32_0_0_20170116232949988.jpg,32
613,UTK/21_1_1_20170113005849484.jpg,21
614,UTK/61_0_3_20170119211812241.jpg,61
615,UTK/27_0_3_20170119193237466.jpg,27
616,UTK/66_0_1_20170113185346153.jpg,66
617,UTK/26_1_3_20170119193059058.jpg,26
618,UTK/26_0_1_20170113154809050.jpg,26
619,UTK/18_1_0_20170117140751537.jpg,18
620,UTK/72_1_0_20170110183814706.jpg,72
621,UTK/30_1_0_20170117131118803.jpg,30
622,UTK/26_1_0_20170116153214587.jpg,26
623,UTK/30_0_4_20170103230146433.jpg,30
624,UTK/27_1_1_20170116223029775.jpg,27
625,UTK/2_1_2_20161219194346219.jpg,2
626,UTK/20_1_0_20170116000638538.jpg,20
627,UTK/24_1_1_20170115235712285.jpg,24
628,UTK/40_0_0_20170117175712368.jpg,40
629,UTK/34_0_1_20170116003716387.jpg,34
630,UTK/82_1_0_20170110184132973.jpg,81
631,UTK/16_1_0_20170109204155179.jpg,16
632,UTK/4_1_4_20161220223001930.jpg,4
633,UTK/45_0_3_20170119201729135.jpg,45
634,UTK/26_1_1_20170116223036741.jpg,26
635,UTK/1_0_0_20170110213005631.jpg,1
636,UTK/1_0_2_20161219155850477.jpg,1
637,UTK/80_0_0_20170110183557670.jpg,80
638,UTK/50_0_3_20170117121752435.jpg,50
639,UTK/51_0_3_20170119205626592.jpg,51
640,UTK/41_0_1_20170113152808025.jpg,41
641,UTK/30_0_0_20170117001126198.jpg,30
642,UTK/37_0_0_20170104011358104.jpg,37
643,UTK/52_0_2_20170116192904934.jpg,52
644,UTK/55_0_3_20170119211432745.jpg,55
645,UTK/42_0_0_20170117154803642.jpg,42
646,UTK/24_1_3_20170119155747715.jpg,24
647,UTK/26_0_3_20170119183349137.jpg,26
648,UTK/54_0_3_20170119211317280.jpg,54
649,UTK/54_0_0_20170117204512072.jpg,54
650,UTK/23_1_0_20170117145105755.jpg,23
651,UTK/36_0_3_20170119201744493.jpg,36
652,UTK/24_1_4_20170117194850412.jpg,24
653,UTK/15_1_0_20170103201148510.jpg,15
654,UTK/16_1_0_20170103201016775.jpg,16
655,UTK/34_1_0_20170103163601073.jpg,34
656,UTK/25_0_3_20170119144603197.jpg,25
657,UTK/60_1_1_20170120222504473.jpg,60
658,UTK/47_0_2_20170116184935713.jpg,47
659,UTK/25_1_4_20170103230211911.jpg,25
660,UTK/22_1_0_20170104021327948.jpg,22
661,UTK/31_0_1_20170117162921198.jpg,31
662,UTK/42_1_1_20170113012431777.jpg,42
663,UTK/26_0_0_20170113210127277.jpg,26
664,UTK/56_0_1_20170117191856555.jpg,56
665,UTK/42_0_0_20170103181301064.jpg,42
666,UTK/63_0_3_20170119205921327.jpg,63
667,UTK/18_0_4_20170103201305015.jpg,18
668,UTK/26_1_4_20170117153702405.jpg,26
669,UTK/2_1_2_20161219162835606.jpg,2
670,UTK/30_1_2_20170104020413511.jpg,30
671,UTK/25_1_2_20170116175242392.jpg,25
672,UTK/39_0_0_20170103183234026.jpg,39
673,UTK/16_1_3_20170104221802006.jpg,16
674,UTK/39_1_1_20170116165532163.jpg,39
675,UTK/35_1_2_20170116182258569.jpg,35
676,UTK/54_0_0_20170116193350285.jpg,54
677,UTK/45_0_0_20170104202058505.jpg,45
678,UTK/62_0_0_20170105164057133.jpg,62
679,UTK/32_0_3_20170116030101844.jpg,32
680,UTK/30_0_1_20170117142125041.jpg,30
681,UTK/81_1_0_20170120224920120.jpg,81
682,UTK/21_1_2_20161219211717693.jpg,21
683,UTK/40_0_0_20170117134621935.jpg,40
684,UTK/2_0_2_20161219194420523.jpg,2
685,UTK/1_0_2_20161219222749039.jpg,1
686,UTK/1_1_4_20161221202153553.jpg,1
687,UTK/15_1_0_20170109204150999.jpg,15
688,UTK/70_1_0_20170117155916072.jpg,70
689,UTK/1_0_2_20161219154354285.jpg,1
690,UTK/45_1_4_20170113011721570.jpg,45
691,UTK/60_0_3_20170119205949319.jpg,60
692,UTK/38_0_1_20170117185831737.jpg,38
693,UTK/16_1_0_20170109214605824.jpg,16
694,UTK/26_1_3_20170117154614886.jpg,26
695,UTK/17_1_4_20161223214728028.jpg,17
696,UTK/6_1_0_20170104005929399.jpg,6
697,UTK/62_0_0_20170111202357377.jpg,62
698,UTK/45_0_3_20170120222425936.jpg,45
699,UTK/26_1_1_20170112230436478.jpg,26
700,UTK/17_1_0_20170109213944067.jpg,17
701,UTK/37_1_0_20170103182950794.jpg,37
702,UTK/60_0_3_20170117175443809.jpg,60
703,UTK/27_1_1_20170117013958462.jpg,27
704,UTK/26_1_0_20170116235012961.jpg,26
705,UTK/16_1_0_20170112230646758.jpg,16
706,UTK/26_0_1_20170117170851628.jpg,26
707,UTK/24_0_1_20170120133915911.jpg,24
708,UTK/23_1_3_20170119155754275.jpg,23
709,UTK/26_0_1_20170117091210764.jpg,26
710,UTK/28_0_0_20170117180126293.jpg,28
711,UTK/6_1_0_20170104005857767.jpg,6
712,UTK/64_1_0_20170110182136419.jpg,64
713,UTK/30_0_0_20170117130634587.jpg,30
714,UTK/32_1_0_20170117182439717.jpg,32
715,UTK/75_0_0_20170111205739880.jpg,75
716,UTK/30_1_0_20170103180858952.jpg,30
717,UTK/26_1_3_20170119181313268.jpg,26
718,UTK/61_0_0_20170117194409073.jpg,61
719,UTK/56_1_0_20170120133230636.jpg,56
720,UTK/2_0_2_20161219141147608.jpg,2
721,UTK/25_1_3_20170116003315293.jpg,25
722,UTK/26_1_2_20170116180722613.jpg,26
723,UTK/50_0_0_20170109012046787.jpg,50
724,UTK/54_0_0_20170117163811442.jpg,54
725,UTK/43_0_0_20170104181239741.jpg,43
726,UTK/30_0_2_20170116173516742.jpg,30
727,UTK/35_1_1_20170116010333522.jpg,35
728,UTK/40_0_0_20170104205218667.jpg,40
729,UTK/12_1_0_20170102234319611.jpg,12
730,UTK/18_1_0_20170109213011914.jpg,18
731,UTK/25_1_0_20170116204011908.jpg,25
732,UTK/36_0_4_20170117140440824.jpg,36
733,UTK/28_1_2_20170116164331837.jpg,28
734,UTK/21_1_1_20170114032203540.jpg,21
735,UTK/54_0_0_20170111171747438.jpg,54
736,UTK/28_1_1_20170113010410263.jpg,28
737,UTK/8_1_0_20170109204516373.jpg,8
738,UTK/27_1_2_20170116172712326.jpg,27
739,UTK/86_1_0_20170120225751953.jpg,81
740,UTK/54_0_3_20170119210157496.jpg,54
741,UTK/48_1_0_20170109141729566.jpg,48
742,UTK/35_1_3_20170119163902152.jpg,35
743,UTK/35_1_0_20170120220747764.jpg,35
744,UTK/6_1_3_20161220223142531.jpg,6
745,UTK/26_0_1_20170116204830651.jpg,26
746,UTK/21_1_1_20170112233312848.jpg,21
747,UTK/24_1_2_20170116222629764.jpg,24
748,UTK/29_1_0_20170104022706451.jpg,29
749,UTK/12_1_0_20170109203631496.jpg,12
750,UTK/22_0_1_20170113193211629.jpg,22
751,UTK/31_0_0_20170117012336960.jpg,31
752,UTK/47_0_3_20170119205242687.jpg,47
753,UTK/25_0_2_20170116170511407.jpg,25
754,UTK/50_0_0_20170120134018751.jpg,50
755,UTK/24_0_1_20170117130104056.jpg,24
756,UTK/26_0_2_20170104022540590.jpg,26
757,UTK/75_1_2_20170110182818569.jpg,75
758,UTK/1_1_0_20170109194456866.jpg,1
759,UTK/50_0_0_20170117182140781.jpg,50
760,UTK/24_0_4_20170117145915428.jpg,24
761,UTK/28_0_1_20170117202354238.jpg,28
762,UTK/49_0_4_20170104210601356.jpg,49
763,UTK/48_1_1_20170117131013277.jpg,48
764,UTK/35_0_0_20170119200917429.jpg,35
765,UTK/1_0_2_20161219153151084.jpg,1
766,UTK/42_1_1_20170113005712902.jpg,42
767,UTK/8_1_0_20170109203433105.jpg,8
768,UTK/65_1_0_20170110132559859.jpg,65
769,UTK/30_1_2_20170117154700223.jpg,30
770,UTK/40_0_0_20170117130926545.jpg,40
771,UTK/28_0_4_20170117021421106.jpg,28
772,UTK/36_1_1_20170115235824976.jpg,36
773,UTK/26_1_1_20170116013947455.jpg,26
774,UTK/77_1_0_20170110125310561.jpg,77
775,UTK/26_0_1_20170113134232465.jpg,26
776,UTK/49_1_1_20170113012017156.jpg,49
777,UTK/23_1_3_20170119164552438.jpg,23
778,UTK/26_0_4_20170103235609892.jpg,26
779,UTK/36_0_1_20170113141724667.jpg,36
780,UTK/39_0_0_20170117184953833.jpg,39
781,UTK/26_1_0_20170117201551622.jpg,26
782,UTK/75_1_3_20170110175327928.jpg,75
783,UTK/27_0_2_20170105163325547.jpg,27
784,UTK/22_1_1_20170114025247512.jpg,22
785,UTK/18_1_1_20170109214355606.jpg,18
786,UTK/30_0_2_20170116180136075.jpg,30
787,UTK/32_0_1_20170117135739565.jpg,32
788,UTK/60_1_0_20170110125212119.jpg,60
789,UTK/1_0_3_20161219224956400.jpg,1
790,UTK/23_0_0_20170117144618155.jpg,23
791,UTK/32_1_2_20170116191456782.jpg,32
792,UTK/25_1_0_20170104022944286.jpg,25
793,UTK/40_1_2_20170116163713862.jpg,40
794,UTK/10_1_0_20170109203917216.jpg,10
795,UTK/36_0_3_20170119201917284.jpg,36
796,UTK/89_1_3_20170110182042731.jpg,81
797,UTK/34_1_2_20170116191659122.jpg,34
798,UTK/24_1_4_20170117150332484.jpg,24
799,UTK/22_0_4_20170103224931632.jpg,22
800,UTK/20_1_3_20170119151017902.jpg,20
801,UTK/17_1_0_20170109213916364.jpg,17
802,UTK/26_1_0_20170117105735230.jpg,26
803,UTK/29_0_0_20170109002204336.jpg,29
804,UTK/36_1_0_20170104171717858.jpg,36
805,UTK/18_1_0_20170109213931089.jpg,18
806,UTK/4_1_4_20161223230120250.jpg,4
807,UTK/32_1_1_20170116223034191.jpg,32
808,UTK/56_1_0_20170110152858178.jpg,56
809,UTK/28_1_2_20170116162607800.jpg,28
810,UTK/43_0_1_20170117175231213.jpg,43
811,UTK/4_1_4_20161221202443265.jpg,4
812,UTK/68_0_0_20170104184826326.jpg,68
813,UTK/39_0_0_20170103183230555.jpg,39
814,UTK/35_0_2_20170116172939892.jpg,35
815,UTK/25_0_3_20170119171959592.jpg,25
816,UTK/24_0_1_20170113132554696.jpg,24
817,UTK/26_1_2_20170116184020867.jpg,26
818,UTK/65_1_0_20170110154347701.jpg,65
819,UTK/25_1_4_20170117123859839.jpg,25
820,UTK/39_0_0_20170109011813551.jpg,39
821,UTK/43_1_1_20170117155120541.jpg,43
822,UTK/23_0_3_20170119151125607.jpg,23
823,UTK/56_0_0_20170109012217972.jpg,56
824,UTK/68_1_0_20170113210319664.jpg,68
825,UTK/52_0_0_20170111202347090.jpg,52
826,UTK/28_0_0_20170117180605616.jpg,28
827,UTK/26_1_0_20170117173557316.jpg,26
828,UTK/30_1_1_20170112215105568.jpg,30
829,UTK/83_1_0_20170120230224530.jpg,81
830,UTK/24_0_1_20170113132717504.jpg,24
831,UTK/39_0_2_20170104210153244.jpg,39
832,UTK/41_0_3_20170119204231207.jpg,41
833,UTK/61_0_2_20170112224332508.jpg,61
834,UTK/25_1_0_20170116201701430.jpg,25
835,UTK/26_0_3_20170119180512067.jpg,26
836,UTK/28_0_0_20170117180529832.jpg,28
837,UTK/37_0_2_20170116184939699.jpg,37
838,UTK/1_0_2_20161219162758303.jpg,1
839,UTK/70_0_0_20170117173655936.jpg,70
840,UTK/24_1_3_20170119171037624.jpg,24
841,UTK/34_0_1_20170113181625781.jpg,34
842,UTK/26_1_0_20170117003252979.jpg,26
843,UTK/35_0_0_20170108224654643.jpg,35
844,UTK/26_0_1_20170116201929711.jpg,26
845,UTK/32_1_0_20170105173150717.jpg,32
846,UTK/45_0_1_20170113152931785.jpg,45
847,UTK/36_0_0_20170117135444550.jpg,36
848,UTK/29_1_0_20170109010152767.jpg,29
849,UTK/17_0_0_20170110232257182.jpg,17
850,UTK/54_0_0_20170119201455775.jpg,54
851,UTK/40_1_1_20170117170159680.jpg,40
852,UTK/60_0_3_20170119205938048.jpg,60
853,UTK/54_1_1_20170113013035146.jpg,54
854,UTK/35_1_3_20170117183036190.jpg,35
855,UTK/34_0_1_20170113141901691.jpg,34
856,UTK/2_0_3_20161219225201960.jpg,2
857,UTK/8_1_0_20170109201705598.jpg,8
858,UTK/39_1_1_20170116233647617.jpg,39
859,UTK/51_1_1_20170112213122309.jpg,51
860,UTK/65_1_0_20170110140958665.jpg,65
861,UTK/42_1_0_20170104174238714.jpg,42
862,UTK/20_0_0_20170116205342932.jpg,20
863,UTK/22_0_4_20170117193912061.jpg,22
864,UTK/63_0_0_20170117194911622.jpg,63
865,UTK/63_1_0_20170117195028219.jpg,63
866,UTK/50_0_3_20170119205541880.jpg,50
867,UTK/81_1_0_20170120134927295.jpg,81
868,UTK/57_1_0_20170117135732680.jpg,57
869,UTK/38_1_0_20170104192820567.jpg,38
870,UTK/31_1_1_20170112230640389.jpg,31
871,UTK/1_1_0_20161219212433510.jpg,1
872,UTK/5_1_2_20161219192448674.jpg,5
873,UTK/28_0_0_20170117142910226.jpg,28
874,UTK/24_0_3_20170119165651324.jpg,24
875,UTK/13_0_0_20170104011725761.jpg,13
876,UTK/36_0_3_20170119180245724.jpg,36
877,UTK/9_0_0_20170110223425782.jpg,9
878,UTK/35_0_2_20170116191801122.jpg,35
879,UTK/23_1_3_20170119164537949.jpg,23
880,UTK/29_0_0_20170117180951076.jpg,29
881,UTK/17_1_4_20170103212235036.jpg,17
882,UTK/4_1_0_20161219201246716.jpg,4
883,UTK/32_1_0_20170117154910644.jpg,32
884,UTK/39_1_0_20170105172844028.jpg,39
885,UTK/26_1_0_20170117172636235.jpg,26
886,UTK/1_1_0_20170109191415528.jpg,1
887,UTK/26_0_3_20170119184306231.jpg,26
888,UTK/38_1_1_20170116012202989.jpg,38
889,UTK/50_0_1_20170117181702370.jpg,50
890,UTK/50_1_0_20170117203951023.jpg,50
891,UTK/70_0_0_20170120223159907.jpg,70
892,UTK/34_0_1_20170116164815094.jpg,34
893,UTK/4_0_2_20161220220440489.jpg,4
894,UTK/46_0_0_20170104205301379.jpg,46
895,UTK/36_0_2_20170116191943513.jpg,36
896,UTK/24_1_0_20170117150303070.jpg,24
897,UTK/26_1_3_20170117174016693.jpg,26
898,UTK/25_1_0_20170117145650515.jpg,25
899,UTK/25_0_0_20170116222936983.jpg,25
900,UTK/27_0_3_20170119194352188.jpg,27
901,UTK/72_0_0_20170117171003724.jpg,72
902,UTK/29_0_0_20170105163908828.jpg,29
903,UTK/30_0_1_20170113141818644.jpg,30
904,UTK/5_0_2_20161219222232487.jpg,5
905,UTK/5_0_0_20170110213420350.jpg,5
906,UTK/78_1_0_20170110180142396.jpg,78
907,UTK/38_1_0_20170104235617475.jpg,38
908,UTK/31_0_0_20170113142314661.jpg,31
909,UTK/25_0_2_20170104021424381.jpg,25
910,UTK/61_0_0_20170117174636574.jpg,61
911,UTK/1_0_4_20161221202848809.jpg,1
912,UTK/53_0_1_20170104172747354.jpg,53
913,UTK/26_1_1_20170116232657066.jpg,26
914,UTK/35_1_0_20170117185628434.jpg,35
915,UTK/45_0_0_20170117191556772.jpg,45
916,UTK/17_0_0_20170116221917954.jpg,17
917,UTK/25_0_3_20170119171302287.jpg,25
918,UTK/21_1_4_20161221195948192.jpg,21
919,UTK/54_0_3_20170104183448533.jpg,54
920,UTK/34_0_3_20170119200814036.jpg,34
921,UTK/50_0_3_20170119201854301.jpg,50
922,UTK/39_0_2_20170117185137809.jpg,39
923,UTK/45_1_0_20170117193323733.jpg,45
924,UTK/41_1_0_20170103181204176.jpg,41
925,UTK/28_0_2_20170116170855714.jpg,28
926,UTK/60_1_0_20170110141351728.jpg,60
927,UTK/54_1_0_20170103183742275.jpg,54
928,UTK/25_1_0_20170117134947430.jpg,25
929,UTK/1_0_2_20161219202752764.jpg,1
930,UTK/19_1_0_20170104012012331.jpg,19
931,UTK/52_1_0_20170110153002630.jpg,52
932,UTK/54_0_4_20170117204427774.jpg,54
933,UTK/50_0_1_20170117173404026.jpg,50
934,UTK/53_0_0_20170120223133507.jpg,53
935,UTK/1_0_2_20161219162514182.jpg,1
936,UTK/24_1_3_20170104234808251.jpg,24
937,UTK/16_1_0_20170109203419299.jpg,16
938,UTK/26_0_1_20170113151756520.jpg,26
939,UTK/24_1_0_20170116215712426.jpg,24
940,UTK/58_0_2_20170104185526166.jpg,58
941,UTK/13_0_3_20170119153840721.jpg,13
942,UTK/40_0_4_20170113183427182.jpg,40
943,UTK/8_1_0_20170109205428806.jpg,8
944,UTK/5_0_2_20170103210403442.jpg,5
945,UTK/20_1_4_20170117193602482.jpg,20
946,UTK/39_0_1_20170104200618034.jpg,39
947,UTK/24_0_2_20170116173635907.jpg,24
948,UTK/23_1_2_20170116173210232.jpg,23
949,UTK/30_0_0_20170113135527027.jpg,30
950,UTK/25_1_2_20170116174825431.jpg,25
951,UTK/52_0_0_20170111171747390.jpg,52
952,UTK/32_0_3_20170119181014212.jpg,32
953,UTK/27_0_2_20170116162359452.jpg,27
954,UTK/27_0_1_20170113175536164.jpg,27
955,UTK/70_1_1_20170117171523132.jpg,70
956,UTK/26_0_0_20170120134635670.jpg,26
957,UTK/16_0_0_20170110232611516.jpg,16
958,UTK/53_1_3_20170109133349734.jpg,53
959,UTK/65_0_0_20170104213523774.jpg,65
960,UTK/31_1_1_20170112231608655.jpg,31
961,UTK/26_0_1_20170113155018211.jpg,26
962,UTK/30_1_0_20170117171606522.jpg,30
963,UTK/41_1_0_20170103183002200.jpg,41
964,UTK/26_1_3_20170116184646017.jpg,26
965,UTK/40_0_0_20170117141236795.jpg,40
966,UTK/39_1_0_20170119204019503.jpg,39
967,UTK/28_0_1_20170117015441625.jpg,28
968,UTK/34_0_3_20170119200547004.jpg,34
969,UTK/36_0_3_20170119201708181.jpg,36
970,UTK/30_0_3_20170119195729476.jpg,30
971,UTK/4_0_0_20170110213635871.jpg,4
972,UTK/40_0_1_20170116203957000.jpg,40
973,UTK/14_1_0_20170109212753539.jpg,14
974,UTK/1_1_2_20161219194854052.jpg,1
975,UTK/47_1_0_20170109011110873.jpg,47
976,UTK/46_1_0_20170104184041597.jpg,46
977,UTK/60_0_0_20170111171747553.jpg,60
978,UTK/25_0_3_20170119171618146.jpg,25
979,UTK/40_0_0_20170117173334842.jpg,40
980,UTK/15_1_4_20170103201445071.jpg,15
981,UTK/49_1_3_20170109141741879.jpg,49
982,UTK/26_1_0_20170117153205725.jpg,26
983,UTK/6_0_0_20170117201323444.jpg,6
984,UTK/56_0_0_20170111211219557.jpg,56
985,UTK/46_1_0_20170104235642515.jpg,46
986,UTK/1_0_3_20161220222642427.jpg,1
987,UTK/62_0_1_20170111203832046.jpg,62
988,UTK/1_0_4_20161221192601052.jpg,1
989,UTK/46_1_0_20170105172747597.jpg,46
990,UTK/57_0_0_20170120223908110.jpg,57
991,UTK/24_1_4_20170117194745325.jpg,24
992,UTK/35_0_3_20170119201410901.jpg,35
993,UTK/1_0_4_20161221202331737.jpg,1
994,UTK/58_0_0_20170104212025853.jpg,58
995,UTK/2_0_4_20170103213256420.jpg,2
996,UTK/65_0_0_20170120223704629.jpg,65
997,UTK/40_0_2_20170116232918443.jpg,40
998,UTK/36_1_0_20170109134525414.jpg,36
999,UTK/15_0_0_20170110232322390.jpg,15
1000,UTK/1_0_2_20161219202906108.jpg,1
1001,UTK/27_0_0_20170116213542860.jpg,27
1002,UTK/32_1_0_20170117134818053.jpg,32
1003,UTK/76_0_1_20170116204915499.jpg,76
1004,UTK/35_1_2_20170117135409365.jpg,35
1005,UTK/23_0_0_20170104004012222.jpg,23
1006,UTK/85_1_1_20170110181748237.jpg,81
1007,UTK/88_1_1_20170116233427954.jpg,81
1008,UTK/35_1_3_20170117173702817.jpg,35
1009,UTK/19_1_0_20170103201450359.jpg,19
1010,UTK/55_1_3_20170119154458097.jpg,55
1011,UTK/27_0_0_20170117144505322.jpg,27
1012,UTK/71_1_0_20170110140328613.jpg,71
1013,UTK/1_0_0_20170109192219011.jpg,1
1014,UTK/25_1_3_20170117180220918.jpg,25
1015,UTK/41_1_1_20170114033308804.jpg,41
1016,UTK/50_0_3_20170113184235991.jpg,50
1017,UTK/24_1_4_20170117150626732.jpg,24
1018,UTK/43_1_3_20170119195521961.jpg,43
1019,UTK/42_1_2_20170116161958086.jpg,42
1020,UTK/28_0_4_20170117202324814.jpg,28
1021,UTK/29_1_0_20170104022059373.jpg,29
1022,UTK/9_0_0_20170110220016235.jpg,9
1023,UTK/28_0_3_20170105175516710.jpg,28
1024,UTK/22_1_3_20170104232458346.jpg,22
1025,UTK/40_0_0_20170117120759137.jpg,40
1026,UTK/26_1_3_20170117153434885.jpg,26
1027,UTK/29_0_1_20170113142448050.jpg,29
1028,UTK/85_1_0_20170110183746742.jpg,81
1029,UTK/8_1_0_20170109201654441.jpg,8
1030,UTK/85_1_0_20170110184027031.jpg,81
1031,UTK/26_0_3_20170117153930604.jpg,26
1032,UTK/25_1_1_20170116003157389.jpg,25
1033,UTK/21_0_0_20170117141432129.jpg,21
1034,UTK/27_1_3_20170109132029072.jpg,27
1035,UTK/47_0_3_20170119193252674.jpg,47
1036,UTK/26_0_4_20170104165424576.jpg,26
1037,UTK/80_0_0_20170117175148148.jpg,80
1038,UTK/42_1_0_20170117172734743.jpg,42
1039,UTK/85_0_0_20170111210457043.jpg,81
1040,UTK/21_1_1_20170117170723269.jpg,21
1041,UTK/25_1_3_20170119172047553.jpg,25
1042,UTK/28_0_3_20170119211528073.jpg,28
1043,UTK/52_1_3_20170104232909130.jpg,52
1044,UTK/28_0_0_20170105164834828.jpg,28
1045,UTK/23_0_0_20170117194151965.jpg,23
1046,UTK/85_1_1_20170110184037971.jpg,81
1047,UTK/73_0_0_20170117204851351.jpg,73
1048,UTK/9_0_2_20170110215503716.jpg,9
1049,UTK/23_1_2_20170116172852744.jpg,23
1050,UTK/28_1_1_20170116231107181.jpg,28
1051,UTK/38_1_1_20170112231328158.jpg,38
1052,UTK/30_1_0_20170117140117810.jpg,30
1053,UTK/17_0_0_20170110231752726.jpg,17
1054,UTK/70_1_0_20170110143426723.jpg,70
1055,UTK/25_1_3_20170119172102729.jpg,25
1056,UTK/30_0_2_20170116171830989.jpg,30
1057,UTK/36_1_0_20170113010354991.jpg,36
1058,UTK/53_0_3_20170119205834160.jpg,53
1059,UTK/35_0_3_20170119200913517.jpg,35
1060,UTK/26_1_3_20170119155639573.jpg,26
1061,UTK/23_0_1_20170114033438130.jpg,23
1062,UTK/23_0_4_20170103234915411.jpg,23
1063,UTK/40_0_0_20170117185309809.jpg,40
1064,UTK/32_0_1_20170117121639290.jpg,32
1065,UTK/40_1_0_20170105164202500.jpg,40
1066,UTK/53_1_4_20170117204301062.jpg,53
1067,UTK/89_1_2_20170110182930160.jpg,81
1068,UTK/1_1_4_20161221195027223.jpg,1
1069,UTK/49_1_0_20170109142131660.jpg,49
1070,UTK/26_1_0_20170112203844509.jpg,26
1071,UTK/29_1_2_20170103181921865.jpg,29
1072,UTK/28_0_3_20170119194819469.jpg,28
1073,UTK/28_0_0_20170117180233918.jpg,28
1074,UTK/29_0_1_20170117184719100.jpg,29
1075,UTK/35_0_1_20170113141808954.jpg,35
1076,UTK/29_0_1_20170117190315384.jpg,29
1077,UTK/24_0_3_20170119160307619.jpg,24
1078,UTK/15_0_0_20170110232306381.jpg,15
1079,UTK/52_1_0_20170109220926115.jpg,52
1080,UTK/24_1_2_20170116174503300.jpg,24
1081,UTK/19_1_0_20170105184107718.jpg,19
1082,UTK/30_1_2_20170116161740145.jpg,30
1083,UTK/32_1_0_20170117182450222.jpg,32
1084,UTK/49_0_3_20170119205456552.jpg,49
1085,UTK/44_0_3_20170119195144674.jpg,44
1086,UTK/1_0_2_20161219203156557.jpg,1
1087,UTK/27_0_1_20170117010034334.jpg,27
1088,UTK/90_0_1_20170117195102223.jpg,81
1089,UTK/41_1_0_20170117133203334.jpg,41
1090,UTK/27_1_2_20170116165628229.jpg,27
1091,UTK/55_0_3_20170119203913495.jpg,55
1092,UTK/32_1_1_20170112234109369.jpg,32
1093,UTK/4_1_2_20161219154653077.jpg,4
1094,UTK/34_0_0_20170116192050166.jpg,34
1095,UTK/23_1_2_20170104020318141.jpg,23
1096,UTK/14_1_3_20170104222437734.jpg,14
1097,UTK/26_1_0_20170116231512359.jpg,26
1098,UTK/43_1_0_20170105173019341.jpg,43
1099,UTK/60_0_0_20170117162820707.jpg,60
1100,UTK/25_0_0_20170117193028403.jpg,25
1101,UTK/28_0_1_20170117020909688.jpg,28
1102,UTK/46_1_1_20170117155904640.jpg,46
1103,UTK/21_1_3_20170104223626119.jpg,21
1104,UTK/16_1_0_20170109214402325.jpg,16
1105,UTK/4_1_0_20161219230409176.jpg,4
1106,UTK/92_1_0_20170110133307879.jpg,81
1107,UTK/1_0_3_20161219230250136.jpg,1
1108,UTK/26_1_2_20170116175938987.jpg,26
1109,UTK/24_1_3_20170104223049680.jpg,24
1110,UTK/53_0_0_20170105163552388.jpg,53
1111,UTK/44_0_1_20170117172143700.jpg,44
1112,UTK/46_0_0_20170117135809096.jpg,46
1113,UTK/23_1_0_20170116221815459.jpg,23
1114,UTK/35_1_0_20170117175131343.jpg,35
1115,UTK/1_1_3_20161220143204424.jpg,1
1116,UTK/24_1_3_20170119165246847.jpg,24
1117,UTK/56_0_0_20170109012058588.jpg,56
1118,UTK/22_0_0_20170117143240036.jpg,22
1119,UTK/26_0_1_20170116030153348.jpg,26
1120,UTK/30_0_1_20170113133719624.jpg,30
1121,UTK/35_1_0_20170103182759530.jpg,35
1122,UTK/28_1_1_20170112220225407.jpg,28
1123,UTK/26_1_3_20170119180937252.jpg,26
1124,UTK/39_1_4_20170105001146812.jpg,39
1125,UTK/53_1_0_20170117191014323.jpg,53
1126,UTK/35_0_1_20170117142612894.jpg,35
1127,UTK/14_0_0_20170104011738192.jpg,14
1128,UTK/1_0_0_20170110211536519.jpg,1
1129,UTK/82_0_0_20170111210140987.jpg,81
1130,UTK/30_1_0_20170116223846422.jpg,30
1131,UTK/23_0_3_20170119164314853.jpg,23
1132,UTK/55_0_3_20170119202440701.jpg,55
1133,UTK/26_0_0_20170116232418087.jpg,26
1134,UTK/50_0_1_20170113142149603.jpg,50
1135,UTK/27_0_0_20170116215525646.jpg,27
1136,UTK/28_0_3_20170119211746169.jpg,28
1137,UTK/35_0_3_20170119211339158.jpg,35
1138,UTK/51_1_0_20170109010116440.jpg,51
1139,UTK/26_0_0_20170113210604209.jpg,26
1140,UTK/29_1_1_20170103181030152.jpg,29
1141,UTK/34_1_1_20170115235526613.jpg,34
1142,UTK/29_0_1_20170116182142032.jpg,29
1143,UTK/4_1_3_20161219224933671.jpg,4
1144,UTK/65_1_0_20170117173915503.jpg,65
1145,UTK/50_0_0_20170104205729700.jpg,50
1146,UTK/22_1_2_20170104231245440.jpg,22
1147,UTK/25_1_3_20170117141103735.jpg,25
1148,UTK/60_0_3_20170119205318975.jpg,60
1149,UTK/28_0_3_20170119194622939.jpg,28
1150,UTK/40_0_3_20170119204122502.jpg,40
1151,UTK/22_1_3_20170119163702901.jpg,22
1152,UTK/36_0_0_20170117183142678.jpg,36
1153,UTK/22_1_2_20170104021444541.jpg,22
1154,UTK/61_0_1_20170113174123835.jpg,61
1155,UTK/13_0_0_20170104012320089.jpg,13
1156,UTK/1_1_3_20161220143213583.jpg,1
1157,UTK/8_0_0_20170110220138938.jpg,8
1158,UTK/33_0_0_20170117182541126.jpg,33
1159,UTK/67_0_3_20170119212008184.jpg,67
1160,UTK/58_0_0_20170109015204241.jpg,58
1161,UTK/30_1_2_20170104020950540.jpg,30
1162,UTK/30_0_0_20170117003412499.jpg,30
1163,UTK/34_1_0_20170109004755204.jpg,34
1164,UTK/2_0_2_20161219203358108.jpg,2
1165,UTK/35_0_0_20170113210127529.jpg,35
1166,UTK/4_0_3_20161220145757599.jpg,4
1167,UTK/63_0_2_20170112223914372.jpg,63
1168,UTK/69_0_0_20170116193756964.jpg,69
1169,UTK/21_0_0_20170117141823641.jpg,21
1170,UTK/25_1_3_20170119172135455.jpg,25
1171,UTK/25_0_3_20170117151819492.jpg,25
1172,UTK/43_0_3_20170109015557169.jpg,43
1173,UTK/45_0_0_20170117180830778.jpg,45
1174,UTK/23_1_2_20170102235032243.jpg,23
1175,UTK/11_1_4_20170103212554964.jpg,11
1176,UTK/28_1_2_20170116190118355.jpg,28
1177,UTK/36_0_0_20170117183307375.jpg,36
1178,UTK/60_0_2_20170116192532074.jpg,60
1179,UTK/4_1_2_20161219141750993.jpg,4
1180,UTK/37_1_0_20170119180110066.jpg,37
1181,UTK/15_0_0_20170110224312647.jpg,15
1182,UTK/24_1_0_20170105162704533.jpg,24
1183,UTK/15_0_3_20170105183235993.jpg,15
1184,UTK/36_1_0_20170103183426794.jpg,36
1185,UTK/2_0_2_20161219204927996.jpg,2
1186,UTK/18_0_1_20170113175555906.jpg,18
1187,UTK/40_0_3_20170117154907806.jpg,40
1188,UTK/29_0_1_20170113174703843.jpg,29
1189,UTK/1_1_0_20170109192051442.jpg,1
1190,UTK/1_1_0_20170109192442932.jpg,1
1191,UTK/65_0_0_20170117171106484.jpg,65
1192,UTK/34_0_1_20170117203210989.jpg,34
1193,UTK/66_1_0_20170110143321085.jpg,66
1194,UTK/50_0_2_20170116172953191.jpg,50
1195,UTK/26_0_1_20170113135316041.jpg,26
1196,UTK/42_1_1_20170113013004135.jpg,42
1197,UTK/32_0_0_20170117123730435.jpg,32
1198,UTK/53_1_0_20170117163708786.jpg,53
1199,UTK/64_1_0_20170105162511322.jpg,64
1200,UTK/26_1_1_20170113000455266.jpg,26
1201,UTK/25_0_3_20170119171215856.jpg,25
1202,UTK/22_0_3_20170119202650701.jpg,22
1203,UTK/17_0_1_20170113175010309.jpg,17
1204,UTK/5_0_3_20170117154544317.jpg,5
1205,UTK/17_0_1_20170117183520064.jpg,17
1206,UTK/55_0_3_20170119203922271.jpg,55
1207,UTK/22_0_1_20170113133555880.jpg,22
1208,UTK/27_0_1_20170116193905098.jpg,27
1209,UTK/44_0_2_20170119184036351.jpg,44
1210,UTK/24_0_3_20170117145945091.jpg,24
1211,UTK/4_1_2_20161219192055923.jpg,4
1212,UTK/26_1_1_20170116232158064.jpg,26
1213,UTK/37_0_0_20170117135950641.jpg,37
1214,UTK/31_0_3_20170119200052268.jpg,31
1215,UTK/37_0_1_20170117164255088.jpg,37
1216,UTK/36_0_1_20170117135812577.jpg,36
1217,UTK/45_0_0_20170117170513474.jpg,45
1218,UTK/23_1_0_20170104021538021.jpg,23
1219,UTK/35_0_0_20170117180411944.jpg,35
1220,UTK/24_1_1_20170112234357224.jpg,24
1221,UTK/26_1_2_20170116180305369.jpg,26
1222,UTK/56_0_2_20170105164626292.jpg,56
1223,UTK/29_1_1_20170112211222837.jpg,29
1224,UTK/85_0_1_20170111210022765.jpg,81
1225,UTK/55_0_1_20170117190804541.jpg,55
1226,UTK/49_1_0_20170110154336582.jpg,49
1227,UTK/27_0_1_20170119193355931.jpg,27
1228,UTK/40_0_0_20170117145138881.jpg,40
1229,UTK/14_0_0_20170110232633429.jpg,14
1230,UTK/7_0_0_20170110225222391.jpg,7
1231,UTK/68_0_0_20170111203927639.jpg,68
1232,UTK/25_0_2_20170119163949502.jpg,25
1233,UTK/76_0_0_20170111201015692.jpg,76
1234,UTK/47_1_0_20170109220729248.jpg,47
1235,UTK/34_0_3_20170119181337573.jpg,34
1236,UTK/14_0_0_20170102234854353.jpg,14
1237,UTK/90_1_1_20170117194843274.jpg,81
1238,UTK/28_0_3_20170117020054178.jpg,28